{
  "p10_error": {
    "session_uid": "PA39_Reverse_Optical_Flow_Low_Density_5_03_01_PM",
    "n": 432,
    "mae": 1.5229653914941959,
    "rmse": 2.0471310422542977,
    "r2": -0.2349965717452991,
    "pearson_r": 0.7510215744513621,
    "spearman_r": 0.6604460060789421,
    "bias": 1.1612907632736973,
    "smape": 0.4737424173048748
  },
  "p50_error": {
    "session_uid": "PA12_Reverse_Optical_Flow_Foward_Texture_7_06_02_PM",
    "n": 451,
    "mae": 3.008500750471906,
    "rmse": 3.4152252315603633,
    "r2": -0.03254603446509896,
    "pearson_r": 0.869763761078743,
    "spearman_r": 0.7995422944671836,
    "bias": 2.975827604069678,
    "smape": 0.5435202065944006
  },
  "p90_error": {
    "session_uid": "PA7_Base_1_07_38_PM",
    "n": 443,
    "mae": 6.436984943751557,
    "rmse": 7.151618356408752,
    "r2": -1.0275157717020025,
    "pearson_r": 0.834149084195159,
    "spearman_r": 0.6562612881584485,
    "bias": -6.349282022523557,
    "smape": 0.559230954400346
  },
  "median_error_full_timeline": {
    "session_uid": "PA12_Reverse_Optical_Flow_Foward_Texture_7_06_02_PM",
    "n": 451,
    "mae": 3.008500750471906,
    "rmse": 3.4152252315603633,
    "r2": -0.03254603446509896,
    "pearson_r": 0.869763761078743,
    "spearman_r": 0.7995422944671836,
    "bias": 2.975827604069678,
    "smape": 0.5435202065944006
  }
}