{
  "stage2_lstm": {
    "lstm": {
      "window_mae_mean": 3.7339339841262373,
      "window_rmse_mean": 4.6455590912286455,
      "window_bias_mean": -0.09281778718853831,
      "session_macro_mae_mean": 3.7440681033733947,
      "raw_pa_id_group_macro_mae_mean": 4.277725774486212,
      "window_mae_std": 0.25986879396457974,
      "session_macro_mae_std": 0.2654240172388122,
      "raw_pa_id_group_macro_mae_std": 0.28829545838492193
    }
  },
  "high_fms": {
    "standard_huber_lstm": {
      "window_mae_mean": 3.658540713795695,
      "window_rmse_mean": 4.694771374557914,
      "window_bias_mean": -0.8046911097785412,
      "session_macro_mae_mean": 3.6683451367746627,
      "raw_pa_id_group_macro_mae_mean": 4.188286936717917,
      "window_mae_std": 0.3688550643142871,
      "session_macro_mae_std": 0.3748311129089643,
      "raw_pa_id_group_macro_mae_std": 0.41827025130399065
    },
    "weighted_huber_lstm": {
      "window_mae_mean": 4.049640585524766,
      "window_rmse_mean": 4.9801318686215215,
      "window_bias_mean": 1.2718718986986677,
      "session_macro_mae_mean": 4.057831691936727,
      "raw_pa_id_group_macro_mae_mean": 4.709223842390207,
      "window_mae_std": 0.2737078332896205,
      "session_macro_mae_std": 0.28155457509922777,
      "raw_pa_id_group_macro_mae_std": 0.5676431697517224
    },
    "multitask_high_fms_lstm": {
      "window_mae_mean": 3.651228372850774,
      "window_rmse_mean": 4.688723274837679,
      "window_bias_mean": -0.811285741355362,
      "session_macro_mae_mean": 3.6623281646425725,
      "raw_pa_id_group_macro_mae_mean": 4.194502640979328,
      "window_mae_std": 0.36813810533785923,
      "session_macro_mae_std": 0.3747696104791007,
      "raw_pa_id_group_macro_mae_std": 0.40379617839095927
    }
  },
  "missingness": {
    "zero_mask_lstm": {
      "window_mae_mean": 3.658540713795695,
      "window_rmse_mean": 4.694771374557914,
      "window_bias_mean": -0.8046911097785412,
      "session_macro_mae_mean": 3.6683451367746627,
      "raw_pa_id_group_macro_mae_mean": 4.188286936717917,
      "window_mae_std": 0.3688550643142871,
      "session_macro_mae_std": 0.3748311129089643,
      "raw_pa_id_group_macro_mae_std": 0.41827025130399065
    },
    "ffill_mask_lstm": {
      "window_mae_mean": 3.6588768259381084,
      "window_rmse_mean": 4.698360613753759,
      "window_bias_mean": -0.8203341532090592,
      "session_macro_mae_mean": 3.6697893490174387,
      "raw_pa_id_group_macro_mae_mean": 4.215939178450715,
      "window_mae_std": 0.36634324527637574,
      "session_macro_mae_std": 0.37285562239974873,
      "raw_pa_id_group_macro_mae_std": 0.41781242013904113
    },
    "ffill_mask_time_lstm": {
      "window_mae_mean": 3.65903824946787,
      "window_rmse_mean": 4.689341353800655,
      "window_bias_mean": -0.7833996531977651,
      "session_macro_mae_mean": 3.670575027615128,
      "raw_pa_id_group_macro_mae_mean": 4.21384166814199,
      "window_mae_std": 0.3633717770591267,
      "session_macro_mae_std": 0.3702988297868977,
      "raw_pa_id_group_macro_mae_std": 0.4134561776903933
    }
  },
  "high_fms_slices": [
    {
      "model": "multitask_high_fms_lstm",
      "slice_type": "fms_bin",
      "slice_value": "0-5",
      "window_count_mean": 13707.4,
      "mae_mean": 2.8568940562144225,
      "rmse_mean": 3.6303082703071494,
      "bias_mean": 2.63770944210182
    },
    {
      "model": "multitask_high_fms_lstm",
      "slice_type": "fms_bin",
      "slice_value": "10-15",
      "window_count_mean": 6472.2,
      "mae_mean": 4.024627921468354,
      "rmse_mean": 4.7109010384225085,
      "bias_mean": -3.991473611168351
    },
    {
      "model": "multitask_high_fms_lstm",
      "slice_type": "fms_bin",
      "slice_value": "15-20",
      "window_count_mean": 4956.0,
      "mae_mean": 8.766437075618308,
      "rmse_mean": 9.050429505230266,
      "bias_mean": -8.766437075618308
    },
    {
      "model": "multitask_high_fms_lstm",
      "slice_type": "fms_bin",
      "slice_value": "5-10",
      "window_count_mean": 13308.2,
      "mae_mean": 2.2680260154150576,
      "rmse_mean": 2.6990744238301976,
      "bias_mean": 0.20662344084201917
    },
    {
      "model": "multitask_high_fms_lstm",
      "slice_type": "missing_block_class",
      "slice_value": "long_contiguous_missing",
      "window_count_mean": 990.2,
      "mae_mean": 5.4216266425835045,
      "rmse_mean": 6.202228548736417,
      "bias_mean": -0.2798592643814807
    },
    {
      "model": "multitask_high_fms_lstm",
      "slice_type": "missing_block_class",
      "slice_value": "no_missing",
      "window_count_mean": 36646.2,
      "mae_mean": 3.580258582201209,
      "rmse_mean": 4.619189752969552,
      "bias_mean": -0.8316484740014914
    },
    {
      "model": "multitask_high_fms_lstm",
      "slice_type": "missing_block_class",
      "slice_value": "short_contiguous_missing",
      "window_count_mean": 807.4,
      "mae_mean": 4.7647739615249565,
      "rmse_mean": 5.599553032609334,
      "bias_mean": -0.8591278281817815
    },
    {
      "model": "multitask_high_fms_lstm",
      "slice_type": "missing_slice",
      "slice_value": "complete_dynamic",
      "window_count_mean": 36646.2,
      "mae_mean": 3.580258582201209,
      "rmse_mean": 4.619189752969552,
      "bias_mean": -0.8316484740014914
    },
    {
      "model": "multitask_high_fms_lstm",
      "slice_type": "missing_slice",
      "slice_value": "missing_dynamic",
      "window_count_mean": 1797.6,
      "mae_mean": 5.127265931250219,
      "rmse_mean": 5.939737532297154,
      "bias_mean": -0.5416843687169293
    },
    {
      "model": "standard_huber_lstm",
      "slice_type": "fms_bin",
      "slice_value": "0-5",
      "window_count_mean": 13707.4,
      "mae_mean": 2.862992693966207,
      "rmse_mean": 3.6345915406918485,
      "bias_mean": 2.638863039501997
    },
    {
      "model": "standard_huber_lstm",
      "slice_type": "fms_bin",
      "slice_value": "10-15",
      "window_count_mean": 6472.2,
      "mae_mean": 4.000587120811746,
      "rmse_mean": 4.693389942871821,
      "bias_mean": -3.9764818188803672
    },
    {
      "model": "standard_huber_lstm",
      "slice_type": "fms_bin",
      "slice_value": "15-20",
      "window_count_mean": 4956.0,
      "mae_mean": 8.76248631271596,
      "rmse_mean": 9.042101698141092,
      "bias_mean": -8.76248631271596
    },
    {
      "model": "standard_huber_lstm",
      "slice_type": "fms_bin",
      "slice_value": "5-10",
      "window_count_mean": 13308.2,
      "mae_mean": 2.2834353855253844,
      "rmse_mean": 2.718063424239861,
      "bias_mean": 0.21734597229957925
    },
    {
      "model": "standard_huber_lstm",
      "slice_type": "missing_block_class",
      "slice_value": "long_contiguous_missing",
      "window_count_mean": 990.2,
      "mae_mean": 5.383373879626262,
      "rmse_mean": 6.161438453216795,
      "bias_mean": -0.1878892702661691
    },
    {
      "model": "standard_huber_lstm",
      "slice_type": "missing_block_class",
      "slice_value": "no_missing",
      "window_count_mean": 36646.2,
      "mae_mean": 3.5880903176765306,
      "rmse_mean": 4.626069325839149,
      "bias_mean": -0.8241852049183939
    },
    {
      "model": "standard_huber_lstm",
      "slice_type": "missing_block_class",
      "slice_value": "short_contiguous_missing",
      "window_count_mean": 807.4,
      "mae_mean": 4.806660485218931,
      "rmse_mean": 5.642788336438689,
      "bias_mean": -0.9870045788960822
    },
    {
      "model": "standard_huber_lstm",
      "slice_type": "missing_slice",
      "slice_value": "complete_dynamic",
      "window_count_mean": 36646.2,
      "mae_mean": 3.5880903176765306,
      "rmse_mean": 4.626069325839149,
      "bias_mean": -0.8241852049183939
    },
    {
      "model": "standard_huber_lstm",
      "slice_type": "missing_slice",
      "slice_value": "missing_dynamic",
      "window_count_mean": 1797.6,