{
  "declarations": {
    "public_snapshot_session_count": 428,
    "true_participant_identity_confirmed": false,
    "split_name": "raw_pa_id-group-disjoint split",
    "result_scope": "identifier-group-disjoint dynamic baseline",
    "static_personalization": false,
    "cross_dataset_or_unity_realtime_claim": false
  },
  "summary_rows": [
    {
      "duration_seconds": 10.0,
      "model": "causal_tcn_linear",
      "folds": 5,
      "window_mae_mean": 3.8562153040731175,
      "window_mae_std": 0.21099488435473468,
      "window_rmse_mean": 4.750571325927369,
      "window_rmse_std": 0.37968009988876555,
      "window_r2_mean": 0.19338482544920058,
      "window_r2_std": 0.02810406360789983,
      "session_macro_mae_mean": 3.8661512876235946,
      "session_macro_mae_std": 0.21707123168941586,
      "session_macro_rmse_mean": 4.396073082138019,
      "session_macro_rmse_std": 0.24433886134435437,
      "raw_pa_id_group_macro_mae_mean": 4.334682403351474,
      "raw_pa_id_group_macro_mae_std": 0.3123797292340309,
      "raw_pa_id_group_macro_rmse_mean": 5.036170841318668,
      "raw_pa_id_group_macro_rmse_std": 0.3911380146487606,
      "train_time_seconds_mean": 129.6125316441059,
      "train_time_seconds_std": 0.3066331614432711,
      "inference_latency_ms_per_window_mean": 0.00515639077582228,
      "inference_latency_ms_per_window_std": 4.974171197735418e-05,
      "parameter_count_mean": 97.0,
      "parameter_count_std": 0.0
    },
    {
      "duration_seconds": 10.0,
      "model": "mean_fms",
      "folds": 5,
      "window_mae_mean": 4.376246740520409,
      "window_mae_std": 0.21659878897958215,
      "window_rmse_mean": 5.37099887930165,
      "window_rmse_std": 0.3652070570336041,
      "window_r2_mean": -0.032289609089429086,
      "window_r2_std": 0.022014314987713023,
      "session_macro_mae_mean": 4.38893997099291,
      "session_macro_mae_std": 0.22108208755883427,
      "session_macro_rmse_mean": 5.042856314951249,
      "session_macro_rmse_std": 0.2537801639439955,
      "raw_pa_id_group_macro_mae_mean": 4.78784074798237,
      "raw_pa_id_group_macro_mae_std": 0.4962261210894874,
      "raw_pa_id_group_macro_rmse_mean": 5.531010060936653,
      "raw_pa_id_group_macro_rmse_std": 0.5583506374573268,
      "train_time_seconds_mean": 0.0023997947573661804,
      "train_time_seconds_std": 0.00010563575909088645,
      "inference_latency_ms_per_window_mean": 3.7651505263056596e-05,
      "inference_latency_ms_per_window_std": 1.823491474488532e-06,
      "parameter_count_mean": 1.0,
      "parameter_count_std": 0.0
    },
    {
      "duration_seconds": 10.0,
      "model": "ridge_window_stats",
      "folds": 5,
      "window_mae_mean": 3.8585588590484527,
      "window_mae_std": 0.21084500347104543,
      "window_rmse_mean": 4.752691123124467,
      "window_rmse_std": 0.37954610675755135,
      "window_r2_mean": 0.19266471855010003,
      "window_r2_std": 0.02786581456527444,
      "session_macro_mae_mean": 3.8684930423761985,
      "session_macro_mae_std": 0.21689661520733294,
      "session_macro_rmse_mean": 4.398712579673766,
      "session_macro_rmse_std": 0.244378646458341,
      "raw_pa_id_group_macro_mae_mean": 4.336623514028561,
      "raw_pa_id_group_macro_mae_std": 0.31347033783565037,
      "raw_pa_id_group_macro_rmse_mean": 5.037487420576097,
      "raw_pa_id_group_macro_rmse_std": 0.39235479791664024,
      "train_time_seconds_mean": 20.975803990662097,
      "train_time_seconds_std": 0.07971948669110344,
      "inference_latency_ms_per_window_mean": 0.0022657953316722913,
      "inference_latency_ms_per_window_std": 5.6922969138304945e-06,
      "parameter_count_mean": 37.0,
      "parameter_count_std": 0.0
    },
    {
      "duration_seconds": 30.0,
      "model": "causal_tcn_linear",
      "folds": 5,
      "window_mae_mean": 3.8922829958605645,
      "window_mae_std": 0.2708871295873587,
      "window_rmse_mean": 4.778173728313947,
      "window_rmse_std": 0.3883484061474374,
      "window_r2_mean": 0.16596151973622597,
      "window_r2_std": 0.044694891372075746,
      "session_macro_mae_mean": 3.894449777680463,
      "session_macro_mae_std": 0.2792178141720083,
      "session_macro_rmse_mean": 4.374229448022423,
      "session_macro_rmse_std": 0.301830321635426,
      "raw_pa_id_group_macro_mae_mean": 4.36419150570096,
      "raw_pa_id_group_macro_mae_std": 0.2774579010007207,
      "raw_pa_id_group_macro_rmse_mean": 5.012540424697379,
      "raw_pa_id_group_macro_rmse_std": 0.30346993184511273,
      "train_time_seconds_mean": 119.67444497942924,
      "train_time_seconds_std": 0.9226851717321812,
      "inference_latency_ms_per_window_mean": 0.0052174306587602515,
      "inference_latency_ms_per_window_std": 7.255496765055712e-05,
      "parameter_count_mean": 97.0,
      "parameter_count_std": 0.0
    },
    {
      "duration_seconds": 30.0,
      "model": "mean_fms",
      "folds": 5,
      "window_mae_mean": 4.3303875881798035,
      "window_mae_std": 0.2557621822459185,
      "window_rmse_mean": 5.290724206568649,
      "window_rmse_std": 0.3891893390580732,
      "window_r2_mean": -0.022521577325311792,
      "window_r2_std": 0.02155444702498681,
      "session_macro_mae_mean": 4.33590782981945,
      "session_macro_mae_std": 0.2746203606917872,
      "session_macro_rmse_mean": 4.937304434009059,
      "session_macro_rmse_std": 0.31594133227495197,
      "raw_pa_id_group_macro_mae_mean": 4.713832743081832,
      "raw_pa_id_group_macro_mae_std": 0.4114562757187183,
      "raw_pa_id_group_macro_rmse_mean": 5.414047910285449,
      "raw_pa_id_group_macro_rmse_std": 0.36500405759945675,
      "train_time_seconds_mean": 0.0021524280309677124,
      "train_time_seconds_std": 5.242280209644807e-05,
      "inference_latency_ms_per_window_mean": 4.278622249268801e-05,
      "inference_latency_ms_per_window_std": 4.347604204074865e-06,
      "parameter_count_mean": 1.0,
      "parameter_count_std": 0.0
    },
    {
      "duration_seconds": 30.0,
      "model": "ridge_window_stats",
      "folds": 5,
      "window_mae_mean": 3.892494247113851,
      "window_mae_std": 0.2706801491374772,
      "window_rmse_mean": 4.778539327222041,
      "window_rmse_std": 0.3883625120251541,
      "window_r2_mean": 0.1658251073799647,
      "window_r2_std": 0.044898370526356986,
      "session_macro_mae_mean": 3.8946959733633433,
      "session_macro_mae_std": 0.2790641572580485,
      "session_macro_rmse_mean": 4.374522208579514,
      "session_macro_rmse_std": 0.3017805491659702,
      "raw_pa_id_group_macro_mae_mean": 4.364345444264089,
      "raw_pa_id_group_macro_mae_std": 0.2781479650730145,
      "raw_pa_id_group_macro_rmse_mean": 5.012830733167265,
      "raw_pa_id_group_macro_rmse_std": 0.30420103239362717,
      "train_time_seconds_mean": 19.50472643971443,
      "train_time_seconds_std": 0.4048153316988912,
      "inference_latency_ms_per_window_mean": 0.002301110542854421,
      "inference_latency_ms_per_window_std": 2.7191403384452378e-05,
      "parameter_count_mean": 37.0,
      "parameter_count_std": 0.0
    },
    {
      "duration_seconds": 60.0,
      "model": "causal_tcn_linear",
      "folds": 5,
      "window_mae_mean": 4.0390062409900365,
      "window_mae_std": 0.42344292119392674,
      "window_rmse_mean": 4.919248679700768,
      "window_rmse_std": 0.5746299288732526,
      "window_r2_mean": 0.09597933737036257,
      "window_r2_std": 0.06185706943279826,
      "session_macro_mae_mean": 4.035982778125202,
      "session_macro_mae_std": 0.43903652416943173,
      "session_macro_rmse_mean": 4.493182775634575,
      "session_macro_rmse_std": 0.4478839133440096,
      "raw_pa_id_group_macro_mae_mean": 4.468960579370682,
      "raw_pa_id_group_macro_mae_std": 0.480161817162694,
      "raw_pa_id_group_macro_rmse_mean": 5.112887283178844,
      "raw_pa_id_group_macro_rmse_std": 0.5044611034026114,
      "train_time_seconds_mean": 103.60542467981577,
      "train_time_seconds_std": 0.5837761737386568,